AB Tasty;https://www.abtasty.com/;1
Valeo vývojové centrum;;1
IDECSI;https://idecsi.com/fr/;1
Omnicom Media Group;http://www.omnicommediagroup.cz/;1
Storelift;https://www.storelift.co/;1
Redstart;https://www.redstart.fr/;1
Reportlinker;https://www.reportlinker.com/;1
Les Résidences Yvelines Essonne;https://lesresidences.fr/;1
Atecna;https://www.atecna.fr/;1
Sorare;https://sorare.com/;1
FDJ - La Française des Jeux;https://www.groupefdj.com/;1
EverWatt;https://www.everwatt.com/;1
Linkvalue;http://link-value.fr/;1
Hager Group;https://www.hagergroup.com/;1
Health Data Hub;https://www.health-data-hub.fr/;1
Yanport;http://yanport.com/;1
iziwork;https://www.iziwork.com/;1
MeetDeal;https://meetdeal.fr/;1
Shayp;https://www.shayp.com/;1
Collectif Energie;https://www.collectifenergie.com/;1
I MAKE;http://www.i-make.com/;1
BPCE Financement ;https://groupebpce.com/annuaire-des-entreprises/bpce-financement;1
Orbit;https://orbit.love/;1
Cegid;http://jobs.cegid.com/;1
Artefact;https://artefact.com/fr-fr;1
Hello Watt;https://www.hellowatt.fr/;1
COYOTE;http://www.moncoyote.com/;1
MeiliSearch;https://www.meilisearch.com/;1
advizeo;http://www.advizeo.io/;1
Infinite Square;https://www.infinitesquare.com/;1
Invoxia;https://www.invoxia.com/;1
Sensefuel;https://www.sensefuel.com/fr/;1
Qonto;https://qonto.com/;1
WeeFin;https://weefin.co/;1
Neoxia;http://www.neoxia.com/;1
papernest;https://www.papernest.com/;1
Malt;http://www.malt.com/;1
ADLPerformance;https://www.adlperformance.com/fr;1
Manutan;http://www.manutan.fr/;1
Sodexo Pass France;https://www.sodexoavantages.fr/;1
Avis Vérifiés (Net Reviews);http://www.avis-verifies.com/;1
8SEC;https://www.8sec.games/;1
Beanstock;https://beanstock.fr/;1
Per Angusta;https://www.per-angusta.com/;1
Inex Circular;https://sourcing.inex-circular.com/;1
Groupe Nexeo ;http://www.nexeo.fr/;1
Matters;http://matters.tech/;1
LegalPlace;https://www.legalplace.fr/;1
STAFFMATCH;https://staffmatch.com/;1
Exotec;http://www.exotec.com/;1
Woonoz;https://www.woonoz.com/;1
Unipetrol;http://www.unipetrol.cz/;1
ESENS;https://esensconsulting.com/;1
Glowee;http://www.glowee.com/;1
MovieChainer;http://www.moviechainer.com/;1
BulldozAIR;https://www.bulldozair.com/fr/;1
Nickel;https://nickel.eu/fr;1
talent.io;https://www.talent.io/;1
Colibri;https://www.colibri-aps.com/;1
Galadrim;https://galadrim.fr/;1
Rémy Cointreau;https://www.remy-cointreau.com/fr;1
Vocalcom;https://vocalcom.com/;1
Silicom;https://silicom.fr/;1
api.video;https://api.video/;1
iAdvize ;;1
Emeraude Escape Game;https://www.emeraude-escape.com/;1
Alenvi;http://www.alenvi.io/;1
Gorgias;http://gorgias.com/;1
Sellsy;https://www.sellsy.fr/;1
Buster.Ai;https://buster.ai/;1
Comet Meetings;https://www.comet-meetings.com/;1
Silicon Salad;https://www.siliconsalad.com/;1
Phenix;https://wearephenix.com/?utm_medium=partnership&utm_source=partner+website&utm_campaign=recrutement+wttj;1
Groupe ASSU 2000;https://www.groupeassu2000.fr/;1
ecosystem;https://www.ecosystem.eco/;1
Trustt;https://www.trustt.io/;1
Agence Win-Win;https://www.win-win.com/;1
Sendinblue ;https://sendinblue.com/;1
Groupe Idemaps;https://idemaps.fr/;1
Hublo;https://hublo.com/fr/clients;1
Murfy;https://murfy.fr/;1
Quitoque;https://www.quitoque.fr/;1
relevanC;https://relevanc.com/;1
Simplébo;https://www.simplebo.fr/;1
Japhy;https://japhy.fr/;1
Scaleway;http://www.scaleway.com/fr;1
each One (Ex - Wintegreat);https://eachone.org/;1
Cibiltech;https://www.cibiltech.com/;1
Asys;https://www.asys.fr/;1
SmartSide;http://www.smart-side.com/fr/;1
OSS - Ventures Builder;https://www.oss.ventures/;1
Oh BiBi;http://www.ohbibi.com/;1
AIGLE;https://www.aigle.com/fr/fr;1
XAnge;https://www.xange.fr/;1
PLACESHAKER;https://www.placeshaker.fr/;1
Cuure;https://cuure.co/;1
Strapi;https://strapi.io/;1
PowerZ;https://powerz.tech/;1
DNA Script;https://www.dnascript.com/;1
Aryballe;https://aryballe.com/;1
Saveur Bière ;https://www.saveur-biere.com/fr;1
BuyCo;https://buyco.co/;1
Fantasiapp;https://www.fantasiapp.com/;1
ManoMano;https://www.manomano.fr/;1
Wakam;http://www.wakam.com/;1
Jellysmack;https://www.jellysmack.com/;1
Planète OUI;http://www.planete-oui.fr/;1
inQool ;https://www.inqool.cz/;1
Hiflow;https://www.hiflow.com/?gclid=EAIaIQobChMI66nXv7P95AIVhMjeCh2hNANzEAAYASAAEgIpkvD_BwE;1
Pricemoov;http://www.pricemoov.com/;1
Immodvisor;https://business-immodvisor.com/fr/;1
Tinubu Square;https://www.tinubu.com/;1
L'argus;https://www.largus.fr/;1
JPB Systeme;http://www.jpb-systeme.com/;1
Sogelink;https://www.sogelink.fr/;1
Data Legal Drive;https://datalegaldrive.com/;1
Les Ripeurs;https://www.lesripeurs.com/;1
Norauto Digital;https://www.norauto.fr/;1
Partoo;http://www.partoo.fr/;1
Netwo;http://www.netwo.io/;1
Worklife (ex Yoopies);https://worklife.io/;1
Velvet Consulting;https://velvetconsulting.com/;1
TOTAL DIGITAL FACTORY;https://www.total.com/;1
Qualit'EnR;https://www.qualit-enr.org/;1
Novagraaf;https://www.novagraaf.com/fr;1
Fuzzy Logic Robotics;https://flr.io/;1
Family Self Care;https://familyselfcare.com/;1
Digikare;https://www.digikare.com/;1
Deepsense;https://thedeepsense.co/;1
Cheerz;https://www.cheerz.com/;1
BIOCODEX;https://www.biocodex.fr/;1
iRaiser;https://www.iraiser.eu/;1
Viveris;https://www.viveris.fr/;1
AVISIA;https://www.avisia.fr/;1
Qwarry;https://qwarry.com/;1
BOURSORAMA;https://groupe.boursorama.fr/;1
Acasi;https://www.acasi.io/;1
MesDépanneurs.fr;https://www.mesdepanneurs.fr/;1
Sparkling Partners;http://www.sparkling-partners.com/;1
ViiBE;https://viibe.co/;1
Worldia;http://www.worldia.com/;1
Wisembly;https://wisembly.com/;1
Sewan;https://sewan.jobs/;1
AssessFirst;https://www.assessfirst.com/;1
Sim&Cure;http://www.sim-and-cure.com/;1
Peopulse;http://www.peopulse.com/;1
Groupe Ingena;https://www.groupe-ingena.com/;1
Cocorico;https://www.cocolabs.com/en/?utm_source=wttj&utm_medium=profil-page;1
Blissim (ex-Birchbox);https://birchbox.fr/?gclid=COq1idTuhs0CFfAy0wodhLEOxQ;1
OnlyOne;https://onlyonecard.eu/;1
unflux;https://www.unflux.fr/;1
Berlin Brands Group;https://www.berlin-brands-group.com/;1
SNAPKEY;https://www.snapkey.fr/;1
UniCredit Bank Czech Republic and Slovakia;https://www.unicreditbank.cz/cs/o-bance.html#home;1
EMOS;https://www.emos.eu/;1
GreenFlex;http://www.greenflex.com/;1
CRI;https://www.cri-paris.org/fr;1
Matrice;https://matrice.io/;1
Xelians ;https://www.xelians.fr/;1
Laboté;https://www.labote.paris/;1
CARBON IT;http://carbon-it.fr/;1
QIMA;https://www.qima.com/;1
HIGHCO;https://www.highco.com/;1
Solution BI Canada;https://www.solution-bi.com/ca-fr/;1
Doctrine;https://doctrine.fr/recrutement;1
Beamy;http://beamy.io/;1
Meritis;http://www.meritis.fr/;1
Vitibot;https://vitibot.fr/;1
Lucky Cart;https://www.luckycart.com/fr/;1
Pumpkin;https://pumpkin-app.co/;1
Syrtals;https://www.syrtals.com/;1
Dendreo;https://www.dendreo.com/;1
Upflow;https://www.upflow.io/;1
MoovOne;http://moovone.eu/;1
Good Goût;https://www.goodgout.fr/;1
datagemme;https://datagemme.eu/;1
Travaux.com;https://www.travaux.com/;1
Bouygues Telecom;https://www.jobs.bouyguestelecom.fr/;1
Virtuos France;https://www.virtuosgames.com/en;1
Genesis Groupe;https://genesis-groupe.fr/;1
Wecasa;https://www.wecasa.fr/;1
Lydia;https://lydia-app.com/;1
Supertripper;https://supertripper.com/;1
Simplis partenaire de Auto-Entrepreneur.fr;http://www.simplis.fr/;1
Upciti;https://www.upciti.com/;1
Pennylane;https://www.pennylane.tech/;1
Nodalview;https://www.nodalview.com/;1
COR-e;https://www.cor-e.tech/;1
Metroscope;https://metroscope.tech/;1
FairMoney;http://www.fairmoney.ai/;1
Agence du Numérique en Santé​;https://esante.gouv.fr/;1
Algoan;https://www.algoan.com/;1
Digora;https://www.digora.com/;1
Infonet;https://infonet.fr/;1
SPARTED;https://www.sparted.com/fr/;1
Matera;https://www.matera.eu/;1
Newzik;https://newzik.com/fr;1
Oppscience;https://oppscience.com/;1
Bulb;https://www.bulb.fr/;1
LUNI;https://www.luni.app/;1
Veeam Software;https://www.veeam.com/cz;1
Qare;https://www.qare.fr/;1
Whoomies;https://www.whoomies.com/;1
RingCentral ;http://ringcentral.com/engage;1
Choco;https://www.choco.com/fr;1
Jamf;https://www.jamf.com/en/about/careers/;1
Exo Partners;https://www.exo-partners.com/;1
Kiwi.com;https://www.kiwi.com/en/;1
GeoRide;https://georide.fr/;1
Zásilkovna;https://www.zasilkovna.cz/;1
Ovalo;http://www.ovalo.fr/;1
Tilkee;https://www.tilkee.com/;1
Projet Lucie;;1
Mon Petit Placement;https://www.monpetitplacement.fr/fr/affiliate/sea?c=WTJ&utm_source=Welcome_to_the_jungle&utm_medium=page_MPP&utm_campaign=voir_le_site;1
CERBAIR;https://www.cerbair.com/;1
Pipedrive;https://www.pipedrive.com/;1
KOMIX;https://www.komix.cz/;1
Maisons Pierre;https://www.maisons-pierre.com/;1
Ubble;https://www.ubble.ai/fr;1
Nutri&Co;https://nutriandco.com/;1
EasyMovie;https://www.easy.movie/;1
Squadeasy;https://www.squadeasy.com/;1
Fridaa;http://fridaa.co/;1
Ombrea;https://ombrea.fr/;1
TiHive;https://tihive.com/;1
Gaïago;http://www.gaiago.eu/;1
LAB 5COM;http://lab5com.fr/;1
Kofola;https://www.kofola.cz/;1
appvizer;https://www.appvizer.fr/;1
Thales;https://www.thalesgroup.com/fr;1
Groupe Fnac Darty;http://www.fnacdarty.com/;1
Okarito;https://www.okarito.io/;1
BOTdesign;https://botdesign.net/;1
Zelros;https://www.zelros.com/;1
FOR ME LAB;https://formelab.com/;1
Dreamquark;https://www.dreamquark.com/;1
Smart AdServer;https://smartadserver.com/;1
Člověk v tísni;https://www.clovekvtisni.cz/;1
Abbeal;http://www.abbeal.com/;1
Groupe DFM;https://groupe-dfm.fr/;1
Euronext;https://www.euronext.com/fr;1
Wargaming.net;http://wargaming.com/;1
FeetMe;https://feetme.fr/fr;1
Sharework;https://sharework.co/;1
Evolix;https://evolix.com/;1
Action Logement;;1
ekWateur;https://ekwateur.fr/;1
antadis;https://www.antadis.com/;1
RENOMIA;https://www.renomia.cz/;1
DoDo Czech ;https://idodo.cz/;1
Département des Yvelines;https://recrutement.yvelines.fr/;1
MULTIMA;https://multima.cz/;1
EnergyGo;https://www.energy-go.fr/;1
Swan;https://www.swan.io/;1
Ogury;https://ogury.com/;1
Stilog IST;https://www.stilog.com/;1
Allianz France;https://careers.allianz.com/fr_FR.html;1
Navya;https://navya.tech/;1
Study Technologies;http://www.study-technologies.com/;1
Le Mercato de l'Emploi ;https://mercato-emploi.com/;1
Synapse Medicine;https://synapse-medicine.com/fr;1
Easyence;https://www.easyence.com/;1
PUBLICIS GROUPE;https://www.publicisgroupe.com/fr;1
Spaceflow;https://spaceflow.io/en/?utm_source=welcometothejungle.com&utm_medium=referral&utm_campaign=hiring;1
inWebo ;https://www.inwebo.com/;1
Datascientest;https://datascientest.com/;1
2N Telekomunikace;https://www.2n.cz/;1
Pictarine;https://pictarine.com/;1
Shoptet;https://www.shoptet.cz/;1
bioMérieux;https://www.biomerieux.com/fr;1
IXPERTA s.r.o.;https://www.ixperta.com/;1
Certideal;https://certideal.com/;1
Smartsupp.com;https://www.smartsupp.com/;1
Lemonway;https://www.lemonway.com/?utm_source=WTTJ;1
BOOTIQ;https://www.bootiq.io/;1
CN Group;https://www.cnjobs.dk/;1
Whaller;https://whaller.com/;1
Motionlab;https://www.motionlab.io/;1
eXalt;https://exalt-company.com/;1
Balyo;https://www.balyo.com/;1
Enedis;http://www.enedis.fr/travailler-chez-enedis;1
Runecast;https://www.runecast.com/;1
LTU Tech;https://ltutech.com/;1
Elvesys - Elveflow;https://www.elveflow.com/;1
Caisse D’Epargne De Midi-Pyrénées;https://www.caisse-epargne.fr/midi-pyrenees/caisse-d-epargne-de-midi-pyrenees;1
Axonaut ;https://axonaut.com/;1
Cleevio;https://www.cleevio.com/;1
BONE 3D;https://bone3d.com/;1
Waapi;https://www.waapi.fr/;1
Drawer;https://www.drawer.fr/;1
 Placeloop;https://placeloop.com/;1
AntemetA;http://www.antemeta.fr/;1
Zama;https://zama.ai/;1
WIZZCAD;https://wizzcad.com/;1
Welyb;https://www.welyb.fr/;1
Modul Servis;https://www.modulservis.cz/;1
compacer;https://compacer.com/en/;1
Vianova;https://www.vianova.io/;1
leCab;;1
Aravati;https://www.aravati.fr/;1
Teaminside Group;https://teaminside-group.com/;1
Mastrad;https://www.mastrad-paris.fr/;1
Wiidii;https://www.wiidii.com/;1
Compugroup Medical Belgium;https://www.cgm.com/be;1
Worldline;https://worldline.com/;1
Proximus Luxembourg;https://proximus.lu/;1
Agregio;http://agregio-edf.com/;1
Edwards Lifesciences;https://www.edwards.com/careers/home;1
Eptica;https://www.eptica.com/;1
B4Finance ;http://www.b4finance.com/;1
Mirakl;https://www.mirakl.fr/;1
Sketchfab;https://sketchfab.com/;1
Swissquote;https://www.swissquote.com/;1
Agixis;https://www.agixis.com/;1
Voodoo;https://www.voodoo.io/;1
Datadog;https://www.datadoghq.com/;1
Creative Dock;https://www.creativedock.com/;1
Multis;https://multis.co/;1
1001mots;https://1001mots.org/;1
ALGAMA FOODS;http://www.algamafoods.com/;1
Yves Rocher;https://www.groupe-rocher.com/en;1
Dr Pierre Ricaud;https://www.ricaud.com/fr-fr/;1
Groupe Rocher;https://groupe-rocher.com/;1
Glovo;https://jobs.glovoapp.com/en/;1
Log;https://wearelog.fr/;1
CIS Valley;https://www.cis-valley.fr/;1
Betclic Group;https://www.betclic.fr/;1
Dawex;https://www.dawex.com/fr/;1
Simpliciti ;https://simpliciti.fr/;1
Stuart;https://stuart.com/;1
Voltalis;https://www.voltalis.com/;1
MWM;http://musicworldmedia.com/;1
Toucan Toco;http://toucantoco.com/;1
PAZZI;https://www.pazzi.co/;1
GROUPE ROULLIER;https://www.roullier.com/fr/;1
Document Store;http://www.documentstore.fr/;1
Pass culture;https://pass.culture.fr/;1
BCG Platinion;https://www.bcgplatinion.com/;1
GRTgaz;http://www.grtgaz.com/;1
Quadient;https://www.quadient.com/;1
Stelliant;https://stelliant.com/;1
QAPA;http://www.qapa.fr/;1
Betsys;https://www.betsys.com/cz/;1
Custeed;https://www.custeed.com/;1
Engage Esm;https://www.engage-esm.com/fr/;1
Continental;http://continental-corporation.com/cs-cz;1
Wooclap;https://www.wooclap.com/;1
Lifeaz;https://lifeaz.co/;1
Heroes Jobs;https://www.heroes.jobs/;1
AM Créations;https://www.am-creations.fr/;1
Loft Orbital ;https://www.loftorbital.com/;1
Radio France - Pôle Numérique;https://www.radiofrance.fr/;1
La Fabrique by CA;https://lafabriquebyca.com/;1
ONG Conseil France ;https://www.ongconseil.com/;1
Cardiweb;https://www.cardiweb.com/;1
Be Sport ;https://www.besport.com/;1
Europcar Mobility Group;https://europcar-mobility-group.com/fr/accueil;1
SPIE ICS;http://fr.spie-ics.com/;1
CasbahTech;https://temtem.one/;1
DEEPSIGHT ;http://deepsight.io/;1
KeyOpsTech;https://keyops.tech/;1
MAC Cosmetics;https://www.maccosmetics.fr/;1
Delia Technologies;https://nantes.delia.tech/;1
Groupe Bel ;https://www.groupe-bel.com/fr/;1
Groupe SeLoger ;http://www.recrutement.seloger.com/;1
Agence Dn'D;https://www.dnd.fr/;1
AB InBev Prague;https://europecareers.ab-inbev.com/;1
Wizaplace;https://www.wizaplace.com/fr/;1
Vendavo;https://www.vendavo.com/;1
RCA;https://jobs.rca.fr/;1
WeScale;http://www.wescale.fr/;1
Smart Tribune;http://www.smart-tribune.com/fr;1
Magnétis;https://www.magnetis.fr/;1
Nestlé Česko;http://www.karieravnestle.cz/;1
Saegus;http://www.saegus.com/;1
Sopra Steria;https://www.soprasteria.com/fr;1
Veolia;https://www.veolia.fr/;1
Generali Česká pojišťovna;https://generaliceska.jobs.cz/;1
Expensya;https://www.expensya.com/fr;1
Enovacom;https://www.enovacom.fr/;1
Aurore Market;https://www.auroremarket.fr/;1
Easyfront Consulting;http://www.easyfront.fr/;1
CompuGroup Medical France;https://www.cgm.com/fr/index.fr.jsp;1
Georges.tech;https://www.georges.tech/;1
Unify;https://www.unifygroup.com/fr/;1
Lepermislibre;http://www.lepermislibre.fr/;1
PMU;https://www.pmu.fr/;1
Groupe ADENES;http://www.adenes.eu/;1
Edenred France;https://www.edenred.fr/;1
maprochaineauto;https://maprochaineauto.com/;1
Auféminin;https://www.aufeminin.com/;1
Marmiton;http://www.marmiton.org/;1
Zéro-Gâchis;https://retail.zero-gachis.com/;1
Singulart;https://www.singulart.com/fr/;1
Cycloid;https://www.cycloid.io/;1
MyFuture;https://www.myfutu.re/;1
Wrike;https://prague.wrike.com/;1
Renovation Man;https://www.renovationman.com/;1
GEKKO;http://www.gekko.fr/;1
Colorz;http://www.colorz.fr/#!/;1
Botmind;http://www.botmind.io/;1
Batch;https://batch.com/;1
LiveMentor;https://www.livementor.com/;1
PrestaShop;https://www.prestashop.com/fr/;1
Invenis;https://invenis.co/;1
Gatewatcher;https://www.gatewatcher.com/fr;1
triPica;http://www.tripica.com/;1
Stago;https://www.stago.com/;1
Axionable;https://www.axionable.com/;1
Armature Technologies;https://www.armaturetech.com/;1
PacketAI;https://packetai.co/;1
Molotov;https://www.molotov.tv/;1
Blank;https://blank.app/;1
NEOBRAIN;https://neobrain.io/;1
Axess Groupe;https://www.axess.fr/;1
ActiveViam ;https://activeviam.com/fr/home;1
kapptivate;https://kapptivate.com/;1
BoondManager;https://www.boondmanager.com/;1
Superpitch;https://superpitch.fr/;1
Sofrecom;https://www.sofrecom.com/;1
Monext ;https://www.monext.fr/;1
Aircall;https://aircall.io/;1
InterCloud;https://www.intercloud.com/;1
Devoteam G Cloud;https://gcloud.devoteam.com/;1